hospital_name,npi,street_address,city,state,postal_code,country,phone_number,department,email
"WHEELING HOSPITAL, INC.",1891102190,800 WHEELING AVE 2ND FLOOR,Sadkowice,,96-206,Poland,928-281-8624,Business Development,corpyne0@printfriendly.com
LANDSTHUL REGIONAL MEDICAL CENTER,1538440532,CMR 467 BOX 5916 ,Kaputian,,8120,Philippines,433-516-3653,Services,psill1@bandcamp.com
TEXAS GENERAL HOSPITAL LP,1245523372,2709 HOSPITAL BLVD ,Jiashi,,,China,612-684-2198,Sales,ekeller2@chronoengine.com
FARMERS UNION HOSPITAL ASSOCIATION,1063990901,PO BOX 927 ,Yuanyang,,,China,957-832-3440,Sales,vduffet3@mapy.cz
KEOKUK AREA HOSPITAL,1609807585,1600 MORGAN ST ,Suresnes,Île-de-France,92154 CEDEX,France,536-865-6876,Training,dcaney4@symantec.com
TREE OF LIFE MEDICAL CENTER CORP,1891562146,3625 NW 82ND AVE STE 306 ,Santiago de Cuba,,,Cuba,888-957-9292,Services,adrake5@techcrunch.com
SUNY DOWNSTATE MEDICAL CENTER,1518228055,10 HILLSIDE AVE ,Bandarbeyla,,,Somalia,127-413-6143,Marketing,hgraftonherbert6@zdnet.com
"ENCOMPASS HEALTH REHABILITATION HOSPITAL OF MIDDLETOWN, LLC",1245631944,9001 LIBERTY PKWY ,Dmanisi,,,Georgia,871-532-1756,Support,bgiannasi7@t-online.de
DINUBA MEDICAL CENTER,1548578271,247 N L ST ,Montalvão,Portalegre,6050-435,Portugal,872-646-5227,Product Management,sbaudrey8@g.co
DETYENS MEDICAL CENTER,1134720535,"1670 DRYDOCK AVENUE BUILDING 10, SUITE A",Gémeos,Braga,4810-571,Portugal,217-519-7149,Business Development,hhelling9@scribd.com
SPENCER MUNICIPAL HOSPITAL,1396732186,1200 1ST AVE E ,Maracaju,,79150-000,Brazil,553-878-7269,Support,vhopfera@weather.com
WA FOOTE MEMORIAL HOSPITAL,1962579227,PO BOX 67000 DEPARTMENT 272801,Los Angeles,Sinaloa,81426,Mexico,320-132-5178,Accounting,aparrisb@sitemeter.com
DEPARTMENT OF STATE HOSPITALS,1326098161,"1215 O STREET, MS-3 DEPARTMENT OF STATE HOSPITALS - PCRS",Daşoguz,,,Turkmenistan,562-758-5021,Research and Development,jpantryc@bing.com
"MD NOW MEDICAL CENTERS, INC",1285929208,2007 PALM BEACH LAKES BLVD ,Villa del Rosario,,541038,Colombia,792-253-7072,Human Resources,ebonhamd@unc.edu
LESTER E COX MEDICAL CENTERS,1558927517,1423 N JEFFERSON AVE ,Kokemäki,,32801,Finland,659-167-2941,Services,kcallane@cdc.gov
"MONTROSE MEMORIAL HOSPITAL,INC",1275358509,800 S 3RD ST ,Tampocon,,6210,Philippines,419-666-9172,Business Development,nmardeef@hexun.com
HILLSIDE HOSPITAL LLC,1023193968,330 SEVEN SPRINGS WAY ,Xiaojiang,,,China,276-908-8765,Research and Development,cfritzg@ucsd.edu
NEW BUFFALO MEDICAL CENTER PC,1881626372,225 S WHITTAKER ST ,La Caleta Culebras,,,Peru,425-490-4754,Legal,mronchkah@shutterfly.com
CARILION ROCKBRIDGE COMMUNITY HOSPITAL,1932248267,213 S JEFFERSON ST STE 1006 ,Frydrychowice,,34-108,Poland,220-166-6074,Human Resources,ktolleri@jalbum.net
A & D FAMILY MEDICAL CENTER PHARMACY INC,1265447858,8352 N NEWLAND AVE ,Yaviza,,,Panama,935-598-6428,Training,hfrackiewiczj@buzzfeed.com
COLUMBIA MEMORIAL HOSPITAL,1528024718,71 PROSPECT AVE ,Kudymkar,,619001,Russia,539-809-4099,Sales,hdosedalek@joomla.org
THE JOHNS HOPKINS HOSPITAL,1609897784,PO BOX 418243 ,Guiniculalay,,2017,Philippines,862-708-6662,Sales,abrandtl@cbsnews.com
"KALISPELL REGIONAL MEDICAL CENTER, INC",1770183741,350 HERITAGE WAY STE 1200 ,Changleng,,,China,171-326-8678,Support,dluquetm@xinhuanet.com
SAINT ANTHONY MEDICAL CENTER,1003869967,124 SW ADAMS ST ,Nahāvand,,,Iran,229-653-4764,Business Development,loverstalln@bbb.org
TETON COUNTY HOSPITAL DISTRICT,1972657179,PO BOX 428 ,Balindong,,9318,Philippines,785-112-8001,Sales,ecoaleo@studiopress.com
JOHNSTON MEMORIAL HOSPITAL PHYSICAL THERAPISTS,1831304443,509 N BRIGHTLEAF BLVD ,Elista,,358015,Russia,857-222-1198,Sales,dhuffap@google.fr
"WESTCHESTER GENERAL HOSPITAL, INC.",1871194555,2500 SW 75TH AVE ,Botshabelo,,9789,South Africa,264-791-7354,Accounting,sethersonq@un.org
VA MEDICAL CENTER,1932263977,1690 TOWNSHIP RD ,Lazaro Cardenas,Guerrero,40160,Mexico,573-298-2848,Legal,smitchelmorer@squidoo.com
BAY MEDICAL CENTER,1760748024,518 MARTIN LUTHER KING JR. BLVD ,Benito Juarez,Veracruz Llave,96720,Mexico,165-235-6436,Accounting,spearmans@auda.org.au
UNIVERSITY OF VERMONT MEDICAL CENTER INC,1841234283,111 COLCHESTER AVE ,Huanghua,,,China,610-343-8811,Services,smaccoughant@dmoz.org
"CANNON COUNTY HOSPITAL, LLC",1528165057,520 W MAIN ST P.O. BOX 640,Roudnice nad Labem,,413 01,Czech Republic,462-746-3129,Business Development,nduggaryu@skype.com
"GLENWEST MEDICAL CENTER, INC.",1699924019,8719 WOODLEY AVE ,Tindog,,6012,Philippines,462-532-4393,Services,pwhostonv@ezinearticles.com
NEWBERRY COUNTY MEMORIAL HOSPITAL,1043990807,1910A COLLEGE ST ,Talshand,,,Mongolia,790-654-3494,Product Management,dsqueersw@histats.com
"CUMBERLAND FAMILY MEDICAL CENTER, INC.",1811469521,PO BOX 1080 ,Grabica,,97-306,Poland,246-377-9003,Human Resources,mshawdforthx@joomla.org
PECOS COUNTY MEMORIAL HOSPITAL DISTRICT,1386400232,387 W IH 10 ,Independencia,Coahuila De Zaragoza,26830,Mexico,551-669-7434,Research and Development,rayarsy@ftc.gov
MCKEE MEDICAL CENTER,1336858778,2901 N CENTRAL AVE STE 160 ,Huaranchal,,,Peru,502-108-9046,Product Management,jvickarsz@fotki.com
"JEWISH HOSPITAL AND ST MARY'S HEALTHCARE, INC.",1801336045,250 E LIBERTY ST 5TH FLOOR,Saint Joseph,Missouri,64504,United States,816-730-0897,Human Resources,abuddington10@skyrock.com
IASIS GLENWOOD REGIONAL MEDICAL CENTER LP,1821143850,503 MCMILLAN ROAD ATTN: BILLING,Bagahanlad,,5418,Philippines,879-255-1644,Product Management,ncadwallader11@dot.gov
"ENCOMPASS HEALTH REHABILITATION HOSPITAL OF ALTAMONTE SPRINGS, LLC",1851718654,9001 LIBERTY PKWY ,Zhongtang,,,China,697-954-4450,Training,eswains12@hp.com
THE MILTON S HERSHEY MEDICAL CENTER PHYSICIANS GROUP,1437119658,PO BOX 858 MC A410,Springbok,,8893,South Africa,573-168-2430,Product Management,tcamerana13@toplist.cz
AUDIE MURPHY VETERANS HOSPITAL,1649367822,7400 MERTON MINTER ST ,Mbomba,,,Indonesia,523-412-1424,Marketing,dcholerton14@chronoengine.com
"PATIENTS CHOICE MEDICAL CENTER OF HUMPHREYS COUNTY, LLC",1487833562,PO BOX 510 ,Krapivna,,301233,Russia,365-682-5254,Training,gtedman15@hostgator.com
"EXIGENCE HOSPITALIST MEDICAL SERVICES OF ERIE COUNTY, PLLC",1366636730,PO BOX 3392 ,Sarrat,,2914,Philippines,815-403-1926,Legal,rtremethack16@cdc.gov
ABBEVILLE COUNTY MEMORIAL HOSPITAL,1497238927,PO BOX 887 ,Puqian,,,China,364-289-5253,Training,rhawkslee17@cmu.edu
DUBOIS REGIONAL MEDICAL CENTER,1083727796,100 HOSPITAL AVE ,Dongxiaokou,,,China,843-503-6955,Services,lleband18@ehow.com
SINAI HOSPITAL OF BALTIMORE INC,1811734270,200 MEMORIAL AVE ,Binafun,,,Indonesia,414-178-0609,Sales,blivingston19@gizmodo.com
KEOKUK AREA HOSPITAL,1649496530,1600 MORGAN ST ,Tanamiting,,,Indonesia,780-576-7701,Sales,gsirett1a@issuu.com
MAHASKA COUNTY HOSPITAL,1891574174,1229 C AVE E ,Tarbagatay,,152891,Russia,329-540-5816,Sales,vfeatherbie1b@abc.net.au
UCSF MEDICAL CENTER,1629260054,"1635 DIVISADERO ST SUITE 625, BOX 1821",Kastrat,,,Albania,624-973-2367,Services,bdjakovic1c@nydailynews.com
HIGHLAND HOSPITAL,1699019018,1000 SOUTH AVE ,Perpignan,Languedoc-Roussillon,66019 CEDEX 9,France,496-686-5487,Support,cheinel1d@weather.com
ST NICHOLAS HOSPITAL-SISTERS OF THE THIRD ORDER OF ST. FRANCIS,1184188278,PO BOX 19070 ,Drawsko Pomorskie,,78-500,Poland,658-205-4870,Support,pmackall1e@list-manage.com
BALTIMORE WASHINGTON MEDICAL CENTER INC.,1740469774,301 HOSPITAL DR ,Kāshmar,,,Iran,736-707-3987,Engineering,ikenningham1f@etsy.com
THE HEALTH AND HOSPITAL CORPORATION OF MARION COUNTY,1689875320,"720 ESKENAZI AVENUE FIFTH THIRD BANK BUILDING, 5TH FLOOR",Mariano Moreno,,8357,Argentina,522-110-7473,Legal,rbrewitt1g@businessinsider.com
UNIVERSITY HOSPITAL,1770028045,500 KNOLL RD ,Delgado,,,El Salvador,263-354-3466,Product Management,bhembery1h@usnews.com
"W.A. FOOTE MEMORIAL HOSPITAL, INC",1124565098,PO BOX 67000 DEPARTMENT 272801,Bobai,,,China,344-961-6706,Engineering,grusson1i@webeden.co.uk
TRIGG COUNTY HOSPITAL INC.,1710984992,PO BOX 9150 ,Cabeço,Aveiro,3800-525,Portugal,744-441-3263,Research and Development,jmaro1j@themeforest.net
"FOREST PARK MEDICAL CENTER AT AUSTIN, LLC",1598173973,9600 GREAT HILLS TRL SUITE 150,Saint-Leu-la-Forêt,Île-de-France,95324 CEDEX,France,675-110-1590,Engineering,swilkin1k@furl.net
"ALIVIO MEDICAL CENTER, INC.",1861972655,966 W 21ST ST ,Parrsboro,Nova Scotia,L2A,Canada,506-496-5384,Legal,dmcilrath1l@cbsnews.com
NOXUBEE GENERAL CRITICAL ACCESS HOSPITAL,1902844194,PO BOX 480 ,Kamenskiy,,412818,Russia,128-907-3319,Sales,mwaywell1m@nymag.com
MONTEBELLO MEDICAL CENTER INC,1124291901,229 E BEVERLY BLVD ,Matagbak,,9504,Philippines,461-267-7101,Accounting,aspeechly1n@reference.com
SOUTHERN OHIO MEDICAL CENTER,1760799415,8635 STATE ROUTE 139 ,Damaturu,,,Nigeria,991-415-2172,Product Management,flongson1o@g.co
SMITH COUNTY MEMORIAL HOSPITAL LLC,1699086702,103 POWELL CT SUITE 200,Tangkolo,,,Indonesia,753-106-1524,Human Resources,idundridge1p@ustream.tv
FRUITVALE MEDICAL CENTER PHARMACY,1972594448,3024 INTERNATIONAL BLVD ,Motupe,,,Peru,330-710-5082,Research and Development,vspencley1q@engadget.com
COMMUNITY MEDICAL CENTER,1326446253,100 N ACADEMY AVE ,Lunyuk Ode,,,Indonesia,874-945-4788,Engineering,rdockwray1r@businesswire.com
"SHAWNEE MISSION MEDICAL CENTER, INC.",1598295545,7315 E FRONTAGE RD STE 101 ,La Plaine-Saint-Denis,Île-de-France,93571 CEDEX,France,203-694-7123,Training,wharriagn1s@is.gd
"HUGH CHATHAM MEMORIAL HOSPITAL, INC",1134372477,360 PARKWOOD MEDICAL PARK ,Xiehu,,,China,258-866-4621,Research and Development,mmckay1t@about.com
GREENWOOD LEFLORE HOSPITAL,1669441994,PO BOX 1410 CLINIC ADMINISTRATION,Rouen,Haute-Normandie,76011 CEDEX,France,510-429-8714,Support,lpinckney1u@bluehost.com
"KANSAS MEDICAL CENTER, LLC",1952512832,1124 W. 21ST ST ,Ntoroko,,,Uganda,293-409-0283,Accounting,bduddin1v@columbia.edu
WASHINGTON HOSPITAL,1649490871,155 WILSON AVE ,Phlapphla Chai,,10800,Thailand,837-150-0032,Training,lmccoid1w@sciencedirect.com
UNIVERSITY HOSPITAL AT STONY BROOK,1558470427,184 W MONTAUK HWY ,Pengshi,,,China,677-114-9785,Support,cfleckney1x@posterous.com
PETERSBURG HOSPITAL COMPANY LLC,1740303593,PO BOX 501128 ,Chiscas,,151407,Colombia,597-403-1597,Services,rproudley1y@exblog.jp
DALE MEDICAL CENTER,1700081254,PO BOX 863 ,Yazman,,63210,Pakistan,360-566-8070,Human Resources,lkenryd1z@mediafire.com
PRESENCE CENTRAL AND SUBURBAN HOSPITALS NETWORK,1497401087,77 N AIRLITE STREET ,Zhoutou,,,China,438-269-0979,Research and Development,tfairhead20@google.nl
FORSYTH MEMORIAL HOSPITAL INC,1902864895,PO BOX 751803 ,Rochester,New York,14609,United States,585-590-9356,Research and Development,dcreaney21@washington.edu
MERCY CATHOLIC MEDICAL CENTER OF SOUTHEASTERN PENNSYLVANIA,1396286233,832 ARBOR RD ,Waterbury,Connecticut,06721,United States,203-644-2553,Business Development,bcleeves22@wunderground.com
"FAMILY MEDICAL CENTER OF MICHIGAN,INC",1598418527,8765 LEWIS AVE ,Hässelby,Stockholm,165 13,Sweden,865-568-8076,Business Development,lameerbeg23@census.gov
CALCASIEU CAMERON HOSPITAL SERVICE DISTRICT,1336996008,921 1ST AVE ,Cilolohan,,,Indonesia,392-185-4056,Business Development,crourke24@sciencedaily.com
LUCILE PACKARD STANFORD CHILDREN'S HOSPITAL,1164898961,10671 LARRY WAY ,Nanyue,,,China,968-809-0320,Services,fitzkin25@fastcompany.com
PLATTE COUNTY MEMORIAL HOSPITAL,1710413323,2901 N CENTRAL AVE STE 160 ,Bulgan,,,Mongolia,826-848-9723,Accounting,rrapa26@weather.com
"AMERICAN HOME OXYGEN & HOSPITAL EQUIPMENT, INC",1619900479,350 PINE ST SUITE 330,Rotunda,,1295,Philippines,967-111-2755,Marketing,cmonard27@taobao.com
EAST HILL MEDICAL CENTER,1164774683,520 ERWIN ROAD ,Gaopeng,,,China,542-144-0151,Research and Development,mbodill28@furl.net
"WELLNESS & LIFE MEDICAL CENTER, INC.",1801013610,CIUDAD JARDIN 3 UCAR 24,Palermo,Sicilia,90141,Italy,377-596-5623,Engineering,vsictornes29@yahoo.com
MISSION HOSPITALS INC,1235104357,PO BOX 15268 ,Hegarmulya,,,Indonesia,138-340-7287,Business Development,ksissens2a@booking.com
GRADY GENERAL HOSPITAL,1013961507,920 CAIRO RD ,Hengtanggang,,,China,516-139-7965,Services,glaboune2b@moonfruit.com
"GOOD SAMARITAN HOSPITAL, L.P.",1578519815,2425 SAMARITAN DR ,Mougins,Provence-Alpes-Côte d'Azur,06254 CEDEX,France,834-366-1739,Sales,cblague2c@newsvine.com
"TANNER MEDICAL CENTER, INC",1306356035,100 PROFESSIONAL PL STE 305 ,Parabon,,,Indonesia,230-252-1379,Sales,kwearing2d@cmu.edu
BOTSFORD GENERAL HOSPITAL,1467494138,26901 BEAUMONT BLVD ,Asarum,Blekinge,374 53,Sweden,903-791-6413,Training,lsharples2e@hexun.com
"COLUMBUS HOSPITAL, LLC",1275580003,PO BOX 287 ,Meilin,,,China,823-557-9266,Marketing,mpowys2f@weibo.com
RUSH UNIVERSITY MEDICAL CENTER,1851420319,600 S PAULINA ST SUITE 130,Almaznyy,,678181,Russia,793-292-0429,Legal,sjeremaes2g@tamu.edu
ST VINCENT HOSPITAL-HOSPITAL SISTERS-THIRD ORDER OF ST FRANCIS,1154984193,PO BOX 13508 ,Bordeaux,Aquitaine,33090 CEDEX,France,213-752-4079,Marketing,knewling2h@mail.ru
WEEKS MEDICAL CENTER,1336857267,320 S POLK ST STE 200 ,Sarvābād,,,Iran,745-602-8809,Support,ldoley2i@deliciousdays.com
INTERFAITH MEDICAL CENTER,1265855944,10517 77TH ST FL 2,Guanshan,,,China,942-149-5697,Services,froscrigg2j@pbs.org
CAMPBELL COUNTY HOSPITAL DISTRICT,1487638417,501 S BURMA AVE ,Malainen Luma,,4110,Philippines,673-124-1794,Product Management,askipsey2k@state.tx.us
LESTER E COX MEDICAL CENTERS,1548350200,3800 S NATIONAL AVE #540,Myślenice,,32-400,Poland,204-617-2062,Human Resources,csiehard2l@ask.com
THE CHARLOTTE-MECKLENBURG HOSPITAL AUTHORITY,1255405734,PO BOX 32861 ,Novopokrovka,,,Ukraine,898-144-6181,Product Management,zmacenzy2m@marriott.com
PERRY COUNTY MEMORIAL HOSPITAL,1184348484,8885 STATE ROAD 237 ,Dugcal,,6037,Philippines,463-189-0767,Legal,dbrahan2n@simplemachines.org
DEAF SMITH COUNTY HOSPITAL DISTRICT,1336120385,540 W 15TH ST ,Wujingfu,,,China,374-793-2847,Product Management,fmanuaud2o@shop-pro.jp
CASE UNIVERSITY HOSPITALS CLEVELAND,1619136728,1397 WESTOVER RD ,San Rafael,,5039,Philippines,738-706-2713,Accounting,orubrow2p@cbslocal.com
OUR GOLDEN MEDICAL CENTER,1689650038,12553 SW 224TH ST ,Xinhua,,,China,293-577-8498,Support,kjendrach2q@tripod.com
ST JOSEPH MEDICAL CENTER,1851330203,124 SW ADAMS ST ,Brokopondo,,,Suriname,716-447-3697,Support,bbudgeon2r@noaa.gov
HOULTON REGIONAL HOSPITAL,1386601524,22 HARTFORD ST ,Badaogu,,,China,106-261-7948,Business Development,wvanniekerk2s@ocn.ne.jp
BELL MEMORIAL HOSPITAL,1881828903,901 LAKESHORE DR ,Mórrope,,,Peru,925-266-1597,Business Development,lthow2t@woothemes.com
CHILDREN'S HOSPITAL COLORADO,1720660327,13123 E 16TH AVE # B095 ,Sadov,,360 01,Czech Republic,378-354-7064,Training,jgardener2u@360.cn
SOUTHEASTERN REGIONAL MEDICAL CENTER,1356543383,1031 GATESVILLE DR ,Kamnica,,2351,Slovenia,983-748-0066,Human Resources,crodder2v@simplemachines.org
ST. CLOUD HOSPITAL,1619934627,1406 6TH AVE NORTH ,Marseille,Provence-Alpes-Côte d'Azur,13281 CEDEX 06,France,962-977-8044,Engineering,cpayze2w@theglobeandmail.com
"WEST VIRGINIA UNIVERSITY HOSPITALS, INC.",1407477912,PO BOX 1127 ,Kurye,,,South Korea,612-468-0271,Human Resources,hcowmeadow2x@narod.ru
HANCOCK MEDICAL CENTER,1629380142,PO BOX 2790 ,Varennes,Québec,J3X,Canada,573-738-9343,Research and Development,csickert2y@washington.edu
BURLESON COUNTY HOSPITAL DISTRICT,1710306253,2333 MANOR DRIVE ,Yanaoca,,,Peru,332-535-4228,Sales,clinnemann2z@statcounter.com
TAMPA HEIGHTS MEDICAL CENTER LLC,1346490356,PO BOX 172266 ,Popovi,,,Bosnia and Herzegovina,846-885-5009,Services,agietz30@cam.ac.uk
VAL VERDE COUNTY HOSPITAL DISTRICT,1578147989,4150 INTERNATIONAL PLZ STE 600 ,Parlilitan,,,Indonesia,168-114-9314,Sales,ysolon31@nymag.com
ST LUKES REGIONAL MEDICAL CENTER,1881224327,PO BOX 640 ,Vozuća,,,Bosnia and Herzegovina,970-996-0348,Research and Development,fjobbins32@domainmarket.com
MONTEFIORE MEDICAL CENTER,1265591168,1 FORDHAM PLAZA SUITE 1100,Zghartā,,,Lebanon,339-444-2042,Support,aizaks33@networkadvertising.org
NATCHEZ REGIONAL MEDICAL CENTER,1750592150,PO BOX 14149 ,Dolati,,,China,711-719-4252,Product Management,tbruff34@mozilla.com
GRANT MEMORIAL HOSPITAL,1669885158,PO BOX 1019 ,Surkh Bilandī,,,Afghanistan,855-146-8459,Human Resources,kbatman35@buzzfeed.com
SACRED HEART HOSPITAL,1003163122,3240 W FRANKLIN BLVD ,Kende,,,Nigeria,543-714-9468,Training,oweiss36@comcast.net
"RAINELLE MEDICAL CENTER, INC",1679223390,176 MEDICAL CENTER DR ,Jolo,,7400,Philippines,128-871-4336,Services,ajoannidi37@cdbaby.com
"TLC MEDICAL OXYGEN & HOSPITAL EQUIPMENT, INC.",1356525612,357 RIVERSIDE DR SUITE 120,Yasnyy,,462781,Russia,409-727-4968,Accounting,ocometson38@quantcast.com
"HILLSBORO AREA HOSPITAL, INC.",1811774771,1200 E TREMONT ST ,Baoxing,,,China,763-468-0733,Support,qhedan39@ehow.com
"SANTA ROSA MEDICAL CENTERS OF NEVADA, INC",1073224333,4161 S EASTERN AVE STE B3 ,Kout na Šumavě,,345 02,Czech Republic,290-862-0028,Product Management,bmccluin3a@yellowpages.com
BEST HOSPITALITY HOME LLC,1477172153,7660 NW 23RD ST ,Nevinnomyssk,,357128,Russia,879-488-9512,Sales,pgiacobillo3b@huffingtonpost.com
GREENFIELD AREA MEDICAL CENTER,1235155425,272 HOSPITAL RD SUITE 3,Trat,,54150,Thailand,106-402-7119,Business Development,hgeraldini3c@wordpress.org
HOMER MEMORIAL HOSPITAL,1699340794,620 E COLLEGE ST ,Medeiros Neto,,45960-000,Brazil,960-902-9193,Sales,gperrin3d@wsj.com
HOLY NAME MEDICAL CENTER INC.,1609945963,718 TEANECK RD ,Weton,,,Indonesia,542-853-8304,Engineering,ymacgow3e@prlog.org
WAYNE COUNTY HOSPITAL,1740406776,PO BOX 305 ,Pung-Pang,,0900,Philippines,336-885-6512,Product Management,ftilliard3f@tiny.cc
"OAK ISLAND MEDICAL CENTER, PA",1316937618,8715 E OAK ISLAND DR ,Kandi,,,Benin,976-145-4365,Engineering,ghamments3g@yandex.ru
CHILDREN'S HOSPITAL OF WISCONSIN,1649519299,9000 W WISCONSIN AVE MS 958,Dumalinao,,7015,Philippines,977-553-7823,Engineering,sbortoloni3h@dmoz.org
JULIA RACKLEY PERRY MEMORIAL HOSPITAL,1326408204,530 PARK AVE E ,Volksrust,,2491,South Africa,169-484-2227,Marketing,tmelpuss3i@miitbeian.gov.cn
JOURDANTON HOSPITAL CORPORATION,1740258417,PO BOX 847974 ,Diaofeng,,,China,451-805-8904,Business Development,vatack3j@gmpg.org
CHICOT MEMORIAL MEDICAL CENTER,1861901985,2729 S HIGHWAY 65 82 ,Viljoenskroon,,9521,South Africa,537-611-2311,Legal,hhutcheon3k@dyndns.org
LANDMANN JUNGMAN MEMORIAL HOSPITAL CORPORATION,1427145119,600 BILLARS ST ,Zhamog,,,China,675-817-4980,Support,sslyman3l@nature.com
"WOMENS LINK CENTER OF WYLIE - A MEDICAL CENTER OF PLANO FACILITY, LLC",1669768487,901 W KIRBY ST # 650 ,Ballinteer,,D6W,Ireland,577-496-6438,Services,htawse3m@weebly.com
ARROWHEAD REGIONAL MEDICAL CENTER,1164646345,400 N PEPPER AVE ,Okinawa,,904-2244,Japan,183-359-4996,Human Resources,cbrunnen3n@clickbank.net
"INDIANHEAD MEDICAL CENTER SHELL LAKE, INC",1568438125,113 4TH AVENUE ,Pelasgía,,,Greece,695-675-7988,Human Resources,sveltmann3o@whitehouse.gov
UNIVERSITY OF TEXAS SOUTHWESTERN MEDICAL CENTER AT DALLAS,1710959135,PO BOX 845347 ,Santa Cruz de Yojoa,,,Honduras,388-742-5205,Product Management,fscreaton3p@prlog.org
MARYMOUNT MEDICAL CENTER PHYSICIAN SERVICES,1699072967,740 E LAUREL RD ,Kukoboy,,152450,Russia,155-142-7632,Engineering,askyram3q@live.com
SKIFF MEDICAL CENTER,1851395339,204 N 4TH AVE E ,Bajia,,,China,724-218-4141,Engineering,poakland3r@myspace.com
GRAND RIVER HOSPITAL DISTRICT,1841374139,501 AIRPORT RD ,Mafra,Lisboa,2640-394,Portugal,389-256-6789,Product Management,sjefferys3s@dell.com
TYLER COUNTY HOSPITAL DISTRICT,1477091429,1100 W BLUFF ST ,São Mateus do Sul,,83900-000,Brazil,293-873-4313,Services,csherburn3t@list-manage.com
ST MARY MEDICAL CENTER,1275234965,124 SW ADAMS ST ,Krajan Gajahmati,,,Indonesia,329-650-5210,Accounting,ddalmeida3u@tmall.com
COVENANT MEDICAL CENTER,1548878267,PO BOX 677044 ,Ala,,,China,896-332-2058,Support,fbarwack3v@hhs.gov
CALCASIEU CAMERON HOSPITAL SERVICE DISTRICT,1801133913,920 1ST AVE ,Sho’rchi,,,Uzbekistan,710-791-6662,Sales,egoshawk3w@accuweather.com
THE BROOKLYN HOSPITAL CENTER,1144358367,121 DEKALB AVE ,Bieligutai,,,China,285-196-8055,Training,ident3x@cbc.ca
COLUMBIA NORTH HILLS HOSPITAL SUBSIDIARY LP,1154375475,"4401 BOOTH CALLOWAY RD REGULATORY COMPLIANCE SUPPORT, BLDG. 2-3 W",Dzwola,,23-304,Poland,361-713-6344,Business Development,gmatteacci3y@lycos.com
MERCY HOSPITAL GRAYLING,1285726828,PO BOX 160 ,Oslo,Oslo,0280,Norway,815-176-5645,Services,dgrassot3z@etsy.com
VENETIAN HOSPITALIST SERVICES,1376795401,535 US HWY 41 BYPASS N STE 239,Buenavista,Chiapas,29027,Mexico,404-171-9381,Support,rreignould40@wikia.com
"TRIDENT MEDICAL CENTER, LLC",1588619498,9330 MEDICAL PLAZA DR ,Karaundi,,30001,Pakistan,540-905-9326,Legal,mohrt41@alexa.com
"SINAI HOSPITAL OF BALTIMORE, INC.",1285672204,2401 W BELVEDERE AVE ATTN: CREDENTIALING,Shangtianba,,,China,885-184-7609,Accounting,lfollen42@twitter.com
MUNSON HEALTHCARE OTSEGO MEMORIAL HOSPITAL,1851341333,825 N CENTER AVE ,Paratinga,,47500-000,Brazil,185-973-6896,Business Development,pminall43@behance.net
HENRY FORD HEALTH-MAIN HOSPITAL,1548451164,918 W 13 MILE RD ,Vinsady,,357408,Russia,840-525-8512,Accounting,bscarrisbrick44@xing.com
EAST TENNESSEE CHILDREN'S HOSPITAL ASSOCIATION INC.,1639254972,PO BOX 15004 ,Zhengcun,,,China,629-996-4556,Marketing,mbedford45@wsj.com
ST ALEXIUS MEDICAL CENTER,1437717576,921 W INTERSTATE AVE ,Vaiņode,,,Latvia,647-730-5331,Legal,yaloshkin46@nsw.gov.au
WOMACK ARMY MEDICAL CENTER,1154526275,2817 REILLY ST MCXC-DBO-UB WAMC STOP A,Kae Dam,,44190,Thailand,781-500-7533,Engineering,gbraunthal47@usgs.gov
"HOSPITALIST MEDICINE PHYSICIANS OF GEORGIA-TCG, PC",1306325840,5410 MARYLAND WAY STE 300 ,Franco da Rocha,,07800-000,Brazil,164-358-3526,Training,hcapnor48@adobe.com
ROGER WILLIAMS MEDICAL CENTER,1457395998,825 CHALKSTONE AVE ,Assiniboia,Saskatchewan,H3C,Canada,121-829-2566,Accounting,amitchelson49@utexas.edu
"COVINGTON -AMG SPECIALTY HOSPITAL, LLC",1851393458,101 LA RUE FRANCE STE 100 ,Évry,Île-de-France,91009 CEDEX,France,305-325-7904,Product Management,nhalsworth4a@xinhuanet.com
TITUS COUNTY HOSPITAL DISTRICT,1114344520,2001 N JEFFERSON AVE ,Sasar,,,Indonesia,957-975-7444,Marketing,awhitmore4b@time.com
CORDELL MEMORIAL HOSPITAL 0189,1780682476,1220 N GLENN L ENGLISH ST ,Bomadi,,,Nigeria,166-522-3410,Sales,bcritch4c@blogs.com
HOSPITAL MEDICINE OF CALIFORNIA INC,1770037236,14050 NW 14TH ST SUITE 190,Szeged,Csongrád,6728,Hungary,482-654-2310,Support,sregnard4d@marriott.com
LUCILE PACKARD CHILDREN'S HOSPITAL OUTPATIENT PHARMACY,1346699709,725 WELCH RD ,Gunungmanik,,,Indonesia,559-875-9711,Legal,efenny4e@irs.gov
JESSE BROWN VA MEDICAL CENTER,1851650360,820 S DAMEN AVE ,Suicheng,,,China,271-270-7235,Business Development,ebullick4f@people.com.cn
FORREST GENERAL HOSPITAL,1740795806,1414 SOUTH 28TH AVENUE ,Tadjoura,,,Djibouti,451-719-8925,Training,bpremble4g@quantcast.com
CHILDREN'S HOSPITAL,1457601437,PO BOX 37215 ,Sabanalarga,,855058,Colombia,611-536-4978,Business Development,rferrulli4h@yolasite.com
FACULTAD MEDICA HOSPITAL MUNICIPAL SAN JUAN,1407053887,PMB 101 BOX 70344 ,Białobrzegi,,37-114,Poland,407-324-9214,Services,lmcpaik4i@about.me
LOS ANGELES MEDICAL CENTER IPA,1932426228,1930 WILSHIRE BLVD SUITE 1100,Ḏânan,,,Djibouti,807-425-8468,Engineering,cdoorey4j@yandex.ru
DW MCMILLAN MEMORIAL HOSPITAL,1033309125,1301 BELLEVILLE AVE ,Praia da Barra,Aveiro,3830-752,Portugal,661-857-7188,Human Resources,sbeidebeke4k@histats.com
NEWMAN MEMORIAL COUNTY HOSPITAL,1962541441,1201 W 12TH AVE ,Fort Erie,Ontario,L2A,Canada,678-746-5731,Training,msheer4l@comsenz.com
ADVANCED CARE HOSPITAL OF NORTHERN COLORADO LLC,1598830267,1024 N GALLOWAY AVE STE 102 ,Lijia,,,China,109-408-1637,Services,mrosenthaler4m@wikimedia.org
INLAND PHYSICIANS HOSPITALIST SERVICES,1528650223,9525 MONTE VISTA AVE STE 105 ,Playas,,,Ecuador,278-974-4305,Accounting,bbarehead4n@furl.net
DIMMIT REGIONAL HOSPITAL,1821549502,704 HOSPITAL DR ,Cielmice,,43-215,Poland,963-124-3783,Training,tcesco4o@squidoo.com
GRANDE RONDE HOSPITAL,1861434615,612 SUNSET DR ,Blagoveshchensk,,675029,Russia,746-561-4759,Marketing,egunda4p@google.ru
ACUTE CARE HOSPITALISTS LLC,1376862086,PO BOX 54369 ,Bungo-Takada-shi,,879-0617,Japan,995-516-9353,Research and Development,nhearsum4q@dot.gov
COMMUNITY HOSPITALS OF INDIANA INC,1740204163,1201 N POST RD SUITE 2,Qinglong,,,China,649-586-7782,Sales,cpingstone4r@hibu.com
NEW BRITAIN GENERAL HOSPITAL,1477661668,100 GRAND ST EMERGENCY DEPARTMENT,Oliveiras,Porto,4745-235,Portugal,813-934-5586,Engineering,aarboine4s@cbslocal.com
ADVOCATE ILLINOIS MASONIC HOSPITAL,1407154156,836 W WELLINGTON AVE ,Yaypan,,,Uzbekistan,743-203-9522,Engineering,cbog4t@blogspot.com
DEPARTMENT OF HEALTH & HOSPITALS,1871725192,"2924 KNIGHT ST BUILDING III, 2ND FLOOR, SUITE 350",Aiánteio,,,Greece,445-425-9976,Support,kredholes4u@de.vu
JOHNS HOPKINS HOSPITAL,1477801694,JOHNS HOPKINS DEPARTMENT OF SURGERY 600 N WOLFE ST TOWER 110,Hidalgo,Mexico,53580,Mexico,232-108-9901,Training,ejacques4v@csmonitor.com
THE HOSPITAL AUTHORITY OF MILLER COUNTY,1649353111,209 N CUTHBERT ST ,Antaparco,,,Peru,230-350-2235,Sales,mmainston4w@tinypic.com
SAN FRANCSICO GENERAL HOSPITAL RENAL CENTER,1841405230,"1001 POTRERO AVE BUILDING 100, ROOM 342",Eucaliptus,,,Bolivia,271-844-2431,Business Development,hnewstead4x@shareasale.com
LANCASTER GENERAL HOSPITAL,1306961800,555 N DUKE ST ,Didou,,,China,496-210-0294,Marketing,bescritt4y@tinyurl.com
"BINSON'S HOSPITAL SUPPLIES, INC.",1205995560,26834 LAWRENCE ,N'Djamena,,,Chad,274-866-4868,Business Development,cdelayglesia4z@blinklist.com
FACILITY MEDICAL CENTER INC,1780391599,701 NW 57TH AVE STE 235 ,Yarabamba,,,Peru,827-658-7315,Services,ntomaszewicz50@google.ru
KNOX COMMUNITY HOSPITAL,1174049688,1220 YAUGER ROAD ,Gunungpeundeuy,,,Indonesia,318-825-7546,Business Development,vkinman51@tripod.com
BROAD TOP AREA MEDICAL CENTER INC,1063514453,"4133 MEDICAL CENTER DRIVE, BOX 127 ",Noyelles-sous-Lens,Nord-Pas-de-Calais,62247 CEDEX,France,279-261-5826,Services,ldominicacci52@surveymonkey.com
CHOC CHILDREN'S HOSPITAL,1497185177,1201 S. LA VETA AVENUE ,Kamenický Šenov,,471 14,Czech Republic,126-664-7053,Research and Development,kcuree53@live.com
TAYLOR REGIONAL HOSPITAL,1376135558,PO BOX 1297 ,Santana de Parnaíba,,06500-000,Brazil,797-284-1761,Support,ryendall54@friendfeed.com
MCGUIREVETERAN HOSPITAL,1588750384,RR 2 BOX 8520 ,Poconé,,78175-000,Brazil,181-647-3410,Product Management,vesche55@elegantthemes.com
RI WELLNESS MEDICAL CENTER LLC,1659025831,468 SMITHFIELD RD ,Casal das Figueiras,Coimbra,3025-377,Portugal,399-696-4060,Research and Development,treal56@admin.ch
SHRINERS HOSPITALS FOR CHILDREN,1851435473,PO BOX 8500 LOCKBOX #7462,Pagelaran,,,Indonesia,315-834-9970,Services,caery57@auda.org.au
AHMC WHITTIER HOSPITAL MEDICAL,1023000569,9080 COLIMA RD ,Södertälje,Stockholm,151 44,Sweden,165-371-8778,Accounting,ddisman58@slate.com
BRIGHAM & WOMEN'S HOSPITAL,1306192984,75 FRANCIS ST TOWER 9A,Kalunan,,,Indonesia,674-740-0197,Services,sbabalola59@printfriendly.com
HOSPITAL AUTHORITY OF CANDLER COUNTY,1235715632,PO BOX 597 ,Bektemir,,,Uzbekistan,659-526-2424,Business Development,tbollini5a@woothemes.com
"KANSAS MEDICAL CENTER, LLC",1952512832,1124 W. 21ST ST ,Gocoton,,6337,Philippines,309-903-9180,Training,hrichel5b@amazon.com
"TRANSITIONAL HOSPITALS CORPORATION OF TEXAS, LLC",1659440634,7800 OAKMONT BLVD ,Georgetown,,,Gambia,221-980-2791,Training,yquinion5c@umn.edu
GULF COAST MEDICAL CENTER,1063915866,51 HOLMES BLVD STE A ,Blama,,,Sierra Leone,682-932-3722,Marketing,rsamart5d@ycombinator.com
ST JOHN HOSPITAL AND MEDICAL CENTER,1760513626,28000 DEQUINDRE RD ,Lidong,,,China,252-339-3706,Human Resources,zhitscher5e@berkeley.edu
HOSPITALISTS AT STONECREST LLC,1356511893,200 STONECREST BLVD ,Halat,,,Indonesia,707-765-8973,Product Management,stearle5f@mtv.com
PERHAM HOSPITAL DISTRICT,1881608610,1000 CONEY ST W ,Volta Redonda,,27200-000,Brazil,247-274-9073,Legal,dbronot5g@nifty.com
CITY OF HOPE NATIONAL MEDICAL CENTER,1992411482,1500 DUARTE RD ,Shengli,,,China,615-795-8667,Support,skisar5h@cisco.com
HOSPITAL FOR SICK CHILDREN,1912021429,1731 BUNKER HILL RD NE ,Černelavci,,9265,Slovenia,524-867-4436,Research and Development,tbedding5i@shinystat.com
"UNIVERSITY HOSPITALS MEDICAL GROUP, INC.",1104146778,24701 EUCLID AVE 3RD FLOOR,Hongtang,,,China,623-759-5377,Marketing,dbruineman5j@indiatimes.com
TRUMAN MEDICAL CENTER INC,1306019377,2301 HOLMES ST ,Huajialing,,,China,465-140-5477,Product Management,fsegeswoeth5k@ask.com
"DOCTORS HOSPITAL OF WEST COVINA, INC.",1013925072,725 S ORANGE AVE ,Chubek,,,Tajikistan,979-806-5017,Product Management,mgopsill5l@globo.com
ST JOSEPHS HOSPITAL OF BUCKHANNON,1841314473,1 AMALIA DR ,Sebulu,,,Indonesia,809-795-1451,Training,grishbrook5m@timesonline.co.uk
WARREN GENERAL HOSPITAL,1760471551,2 CRESCENT PARK WEST ,Besah,,,Indonesia,577-915-6591,Business Development,rskinner5n@ftc.gov
"W.A. FOOTE MEMORIAL HOSPITAL, INC",1417494378,PO BOX 67000 DEPARTMENT 272801,Kedungbulu,,,Indonesia,754-134-4115,Accounting,idavydoch5o@wufoo.com
GLACIAL RIDGE HOSPITAL DISTRICT,1538178520,10 4TH AVE SE ,Kalasin,,46000,Thailand,108-796-9248,Accounting,afavelle5p@mail.ru
"KENNEDY KRIEGER CHILDREN'S HOSPITAL, INC.",1073729208,P.O.BOX 744865 ,Karangtalun,,,Indonesia,191-645-8795,Marketing,lrivlin5q@washington.edu
"ACUPUNCTURE MEDICAL CENTER, A PROFESSIONAL CORPORATION",1326383704,151 N SUNRISE AVE SUITE 1009,Paris 12,Île-de-France,75562 CEDEX 12,France,361-317-0136,Training,hpolino5r@zdnet.com
OAKLAND PHYSICIANS MEDICAL CENTER,1366739815,4947 RELIABLE PKWY ,Xuguang,,,China,419-828-0157,Training,isyne5s@youtu.be
CHEROKEE INDIAN HOSPITAL AUTHORITY,1811137581,1 HOSPITAL RD ,Werangere,,,Indonesia,343-988-3138,Engineering,rrobbert5t@weebly.com
LEHIGH VALLEY HOSPITAL MUHLENBERG,1689676249,1728 W JONATHAN ST SUITE 200,Guaymango,,,El Salvador,368-789-4022,Accounting,dlukianovich5u@tiny.cc
SUNNYSIDE COMMUNITY HOSPITAL ASSOCIATION,1841639119,PO BOX 719 ,Cocabamba,,,Peru,818-619-1317,Research and Development,adank5v@sourceforge.net
COX BARTON COUNTY HOSPITAL,1225782691,29 NW 1ST LN ,Tangzhuang,,,China,704-406-5128,Marketing,lcleland5w@bloglovin.com
"ASPIRUS WAUSAU HOSPITAL, INC",1629179908,29980 NETWORK PL ,Al Fākhūrah,,,Syria,706-324-0576,Support,gletteresse5x@marketwatch.com
MONTEFIORE MEDICAL CENTER,1003195652,4 PONDVIEW CLOSE ,Batulayang,,,Indonesia,304-400-3307,Services,csharvell5y@cbsnews.com
"WHEELING HOSPITAL, INC.",1962867408,1 MEDICAL PARK ,Yessentukskaya,,357637,Russia,341-653-7172,Engineering,aroskeilly5z@princeton.edu
BELLIN MEMORIAL HOSPITAL INC,1295797975,140 B SCHOOL CREEK TRL ,Al Maḩallah al Kubrá,,,Egypt,453-826-3036,Human Resources,djiruca60@cisco.com
WOMEN & INFANTS HOSPITAL,1619197936,101 DUDLEY ST ,Cinyawar,,,Indonesia,667-293-8479,Engineering,tfiggen61@bravesites.com
WHEELING HOSPITAL INC,1770103475,1 MEDICAL PARK BUSINESS OFFICE NTTC,Okhtyrka,,,Ukraine,389-857-7881,Accounting,codocherty62@google.es
"ARLINGTON ORTHOPEDIC AND SPINE HOSPITAL, LLC",1346570710,707 HIGHLANDER BLVD ,Ketara,,,Indonesia,948-846-2351,Research and Development,bbarford63@typepad.com
HOSPITAL AUTHORITY OF IRWIN COUNTY,1225689664,103 PARALLEL AVE ,Villa La Angostura,,8407,Argentina,517-337-8047,Product Management,cwringe64@biblegateway.com
WEST WHARTON COUNTY HOSPITAL DISTRICT,1538627278,303 SANDY CORNER RD ,Fengqiao,,,China,519-766-1615,Training,khuniwall65@theatlantic.com
"CAMERON MEMORIAL COMMUNITY HOSPITAL, INC.",1386683316,416 E MAUMEE ST ,Moinhos,Porto,4610-695,Portugal,787-201-5424,Human Resources,blyford66@reverbnation.com
STOUGHTON HOSPITAL ASSOCIATION,1477146082,900 RIDGE ST ,Xixi,,,China,314-339-2513,Support,cmcrannell67@ibm.com
EDWARD W. SPARROW HOSPITAL ASSOCIATION,1275572745,PO BOX 13008 ,Tāngāil,,3062,Bangladesh,215-697-8475,Sales,cplanke68@github.io
TEXAS SCOTTISH RITE HOSPITAL FOR CRIPPLED CHILDREN,1598188948,2222 WELBORN ST ,Ketara,,,Indonesia,336-897-6438,Research and Development,jjahnel69@walmart.com
SYNERGY HOSPITAL SERVICES LLC,1508610460,25097 OLYMIA AVE SUITE 101,Gouyan,,,China,409-691-4454,Research and Development,hcoal6a@squarespace.com
LEGACY EMANUEL HOSPITAL & HEALTH CENTER,1831112358,PO BOX 4037 ,Ketapang,,,Indonesia,147-648-0662,Training,tmoyce6b@addtoany.com
"MARINERS HOSPITAL, INC",1518941806,6855 RED RD STE 600 ,Gränna,Jönköping,563 32,Sweden,801-949-0425,Marketing,rmcclaurie6c@reddit.com
"ELITE HOSPITALIST MEDICAL GROUP, INC.",1639598758,4535 DRESSLER RD NW ,Charlton,England,OX12,United Kingdom,308-906-1300,Sales,mvassbender6d@people.com.cn
THE CHARLOTTE-MECKLENBURG HOSPITAL AUTHORITY,1083041404,PO BOX 19305 ,Mahuta,,,Nigeria,500-107-3789,Services,kseacombe6e@yellowpages.com
FAMILY MEDICAL CENTER OF PORT RICHEY,1336511286,5225 ENCLAVE DR ,Cikai,,,China,801-405-1646,Human Resources,rgregr6f@sina.com.cn
UNIVERSITY HOSPITALS MEDICAL GROUP,1417011941,"3605 WARRENSVILLE CENTER RD 1ST FLOOR, MSC9152",Itu,,,Nigeria,842-765-4324,Training,rpretsel6g@hud.gov
LITTLETON REGIONAL HOSPITAL,1811406374,600 SAINT JOHNSBURY RD ,Otaslavice,,798 06,Czech Republic,971-262-4749,Legal,thickisson6h@friendfeed.com
HURLEY MEDICAL CENTER,1760865364,1 HURLEY PLZ ,Prince Albert,Saskatchewan,S6W,Canada,163-507-5352,Services,imettrick6i@princeton.edu
EDWARD W. SPARROW HOSPITAL ASSOCIATION,1841665247,8175 RELIABLE PKWY ,Lukrejo,,,Indonesia,466-842-1081,Legal,gdinneges6j@prnewswire.com
MONTEFIORE MEDICAL CENTER,1962666297,100 CORPORATE DR CMO,Wangqingtuo,,,China,869-889-0635,Accounting,rturbitt6k@go.com
SPARTANBURG MEDICAL CENTER,1548208648,PO BOX 743070 ,Pechenizhyn,,,Ukraine,495-363-7191,Sales,imetham6l@blog.com
"MAHONING VALLEY HOSPITAL, INC.",1164479754,8049 SOUTH AVE ,Peruc,,439 07,Czech Republic,916-867-3570,Engineering,aromme6m@cisco.com
BAY PINES VA MEDICAL CENTER,1003070608,712 DERBYSHIRE RD ,Ibung,,3605,Philippines,175-713-1435,Services,bflippelli6n@weather.com
EL CENTRO REGIONAL MEDICAL CENTER,1861409823,1415 W ROSS AVE ,Glushkovo,,307450,Russia,688-954-8847,Services,cgarvin6o@miibeian.gov.cn
SEBASTIAN HOSPITAL LLC,1235186123,13695 US HIGHWAY 1 ,Artur Nogueira,,13160-000,Brazil,953-360-5380,Engineering,lfrancis6p@freewebs.com
LEON MEDICAL CENTERS LLC,1609474089,8600 NW 41ST ST ,Reforma,Tabasco,86216,Mexico,474-596-5075,Support,pseabridge6q@imdb.com
ST. LUKE'S HOSPITAL OF DULUTH,1205319662,930 E 2ND ST ,Labo,,4604,Philippines,226-994-4967,Legal,rsorton6r@ibm.com
HACKENSCACK UNIVERSITY MEDICAL CENTER DIALYSIS,1760589063,30 PROSPECT AVE ,Cabannungan Second,,3300,Philippines,805-593-8648,Services,mabelwhite6s@noaa.gov
FLAGSTAFF MEDICAL CENTER,1649370875,1200 N BEAVER ST ATTN: MANAGED CARE CONTRACTING,Melchor Ocampo,Michoacan De Ocampo,61910,Mexico,221-668-0629,Support,sgiovannetti6t@soup.io
HOLZER HOSPITAL FOUNDATION,1700805421,2881 STATE ROUTE 160 ,San Miguel,Guerrero,39230,Mexico,310-431-3172,Business Development,bpatise6u@livejournal.com
REAGAN MEDICAL CENTER,1649365750,2696 LAWRENCEVILLE SUWANEE RD ,Sumurnanjung,,,Indonesia,585-220-4970,Services,rguyonneau6v@qq.com
PROGRESSIVE MEDICAL CENTER,1851488209,5417 W ATLANTIC BLVD ,Los Cerrillos,,,Uruguay,474-879-2239,Services,dratnage6w@foxnews.com
"TEMPLE UNIVERSITY HOSPITAL, INC",1033435060,3401 N BROAD ST ,Hongmiao,,,China,829-235-2341,Human Resources,rnoyce6x@goo.ne.jp
RENAISSANCE HOSPITALISTS,1386073203,PO BOX 5958 ,La Plaine-Saint-Denis,Île-de-France,93571 CEDEX,France,835-240-6620,Training,lhandrik6y@comcast.net
BARNES-KASSON COUNTY HOSPITAL,1659180388,2872 TURNPIKE ST ,Lapi,,5307,Philippines,192-446-5064,Accounting,rwayon6z@google.ru
WAYNE MEMORIAL HOSPITAL INC,1750353462,2700 WAYNE MEMORIAL DR ,Dengfang,,,China,214-843-9125,Product Management,kconnick70@kickstarter.com
CHI MEMORIAL HOSPITAL - GEORGIA,1356860621,100 GROSS CRESCENT CIR ,Proletarskiy,,601465,Russia,516-965-4886,Business Development,gmoncey71@wikimedia.org
COMMUNITY HOSPITAL OF ANACONDA,1427153881,401 W PENNSYLVANIA ,Vukatanë,,,Albania,405-870-1173,Support,ssparling72@prweb.com
"TERRE HAUTE REGIONAL HOSPITAL, L.P.",1619914793,"3901 S 7TH ST REGULATORY COMPLIANCE SUPPORT, BLDG. 2-3 W",Ledeč nad Sázavou,,584 01,Czech Republic,232-186-1155,Human Resources,jredgewell73@utexas.edu
NEW LIBERTY HOSPITAL CORPORATION,1669734661,PO BOX 219672 ,Briceni,,MD-5114,Moldova,266-621-5487,Training,nsprakes74@ft.com
CONWAY REGIONAL MEDICAL CENTER INC,1255958708,2300 ROBINSON AVE ,Czarne,,77-330,Poland,381-584-1770,Research and Development,ugarnsworth75@mit.edu
"REHABILITATION HOSPITAL OF COLUMBUS, LLC",1356030126,8321 VETERANS PKWY ,Chalchuapa,,,El Salvador,469-168-5210,Legal,kwherry76@forbes.com
"GIBSON GENERAL HOSPITAL, INC",1093300188,PO BOX 1197 ,Quinua,,,Peru,731-891-8118,Product Management,kelam77@hp.com
"PLAINS MEDICAL CENTER, INC.",1437152055,PO BOX 1120 ,Aasiaat,,3950,Greenland,634-206-6060,Training,dtredwell78@dot.gov
"NEUROMUSCULAR MEDICAL CENTERS OF FLORIDA, P.A.",1750615530,700 S HARBOUR ISLAND BLVD UNIT #339,Villefranche-sur-Mer,Provence-Alpes-Côte d'Azur,06239 CEDEX,France,232-505-3359,Legal,ademkowicz79@miitbeian.gov.cn
"INDIANA SPINE HOSPITAL, LLC",1316324403,13225 N MERIDIAN ST ,Mindyak,,175320,Russia,663-427-2123,Business Development,drabl7a@house.gov
MONTEFIORE MEDICAL CENTER,1154614253,3331 BAINBRIDGE AVE ,Houping,,,China,173-862-4916,Services,nlibbis7b@ft.com
UNIVERSITY MEDICAL CENTER CORPORATION,1154486066,655 E. RIVER ROAD ,Burmakino,,152295,Russia,349-740-3461,Legal,fduncan7c@usa.gov
LOMPOC HOSPITALIST GROUP PC,1891335717,5665 NEW NORTHSIDE DR STE 320 ,San Ramón,,,Peru,221-708-4836,Product Management,fmartinot7d@google.com.au
CHOUTEAU COUNTY DISTRICT HOSPITAL,1093917379,PO BOX 249 ,Jianfeng,,,China,858-340-3955,Human Resources,lclymo7e@mtv.com
WATERTOWN MEMORIAL HOSPITAL,1902943947,6501 CITY WEST PKWY ,Al ‘Alamayn,,,Egypt,471-903-3738,Product Management,lcardillo7f@usnews.com
"HYDE PARK CONVALESCENT HOSPITAL, INC.",1689733453,6520 WEST BLVD ,Ueda,,963-5343,Japan,584-829-0814,Legal,efleischmann7g@dmoz.org
COOPERSTOWN MEDICAL CENTER,1235239229,107 12TH ST S ,Ponta do Sol,,,Cape Verde,456-913-8991,Accounting,bmiddup7h@t-online.de
LOYALTY MEDICAL CENTER LLC,1740048453,704 GOODLETTE-FRANK RD N STE 316 ,Obo,,,Central African Republic,686-214-5187,Human Resources,abatrop7i@networkadvertising.org
BOTSFORD GENERAL HOSPITAL,1629392576,26901 BEAUMONT BLVD ,Sumurnanjung,,,Indonesia,500-716-4184,Accounting,ttroup7j@tinypic.com
ASOCIACION HOSPITAL DEL MAESTRO,1801236344,PO BOX 364708 ,El Puerto,,10134,Dominican Republic,793-788-5526,Support,ailyasov7k@cocolog-nifty.com
PURANIK FAMILY MEDICAL CENTER LLC,1487862801,546 S BROAD ST STE 2E UNIT 2E,Chang’an,,,China,647-480-9804,Support,smaccawley7l@shutterfly.com
MERCY REGIONAL MEDICAL CENTER OF DURANGO,1821219015,1010 THREE SPRINGS BLVD ,Gunungkendeng,,,Indonesia,577-568-3847,Product Management,smckeever7m@gmpg.org
CHRISTUS SPOHN HOSPITAL CORPUS CHRISTI-MEMORIAL,1679927081,2606 HOSPITAL BLVD ,Chahe,,,China,438-278-4249,Product Management,hwyles7n@wordpress.org
VA MEDICAL CENTER,1104216332,10707 W INTERSTATE 10 APT 436 ,Wangzha,,,China,798-297-4270,Legal,flicciardo7o@un.org
FAMILY MEDICAL CENTER PC,1811031925,8638 CENTREVILLE RD ,Pöytyä,,21880,Finland,167-490-0799,Business Development,kshepton7p@ning.com
NORTH KANSAS CITY HOSPITAL,1538993381,2800 CLAY EDWARDS DR ,Heshi,,,China,469-110-4028,Human Resources,tpringle7q@phpbb.com
TRINITY HOSPITALS,1194931881,PO BOX 5020 ,Fandriana,,,Madagascar,661-527-6976,Legal,cmaddison7r@whitehouse.gov
GOUVERNEUR HOSPITAL,1629409925,77 WEST BARNEY STREET ,Az Zāhir,,,Yemen,639-212-8502,Product Management,fhuckell7s@unicef.org
MEDINA HOSPITAL,1083696710,1000 E WASHINGTON ST ,Pittsburgh,Pennsylvania,15286,United States,412-335-5693,Legal,moakwell7t@prweb.com
POPLAR BLUFF REGIONAL MEDICAL CENTER LLC,1275576654,130 E HARBIN AVE ,Klirou,,,Cyprus,354-606-9633,Human Resources,sloud7u@51.la
GADSDEN COMMUNITY HOSPITAL,1619010923,11 SAND PINE TRL ,Tivat,,,Montenegro,295-919-2036,Training,vblunsom7v@infoseek.co.jp
FRANCISCAN HOSPITAL FOR CHILDREN,1497089676,30 WARREN ST ,Casalinho,Leiria,2540-170,Portugal,451-483-5796,Engineering,nreadshall7w@berkeley.edu
BILTMORE MEDICAL CENTER PC,1639360738,2725 E CAMELBACK RD STE 150 ,Quimbaya,,634027,Colombia,467-173-7538,Services,kithell7x@skype.com
"FLINT RIVER COMMUNITY HOSPITAL, LLC",1285075929,425 QUADRANGLE DR SUITE 110,Nay Pyi Taw,,,Myanmar,214-144-4406,Human Resources,hbarney7y@biglobe.ne.jp
WASHINGTON COUNTY MEMORIAL HOSPITAL,1891149415,300 HEALTH WAY DR ,Lazdijai,,67001,Lithuania,377-724-6626,Sales,bklimushev7z@cdbaby.com
"MERCY HOSPITAL OKLAHOMA CITY, INC.",1043592041,530 N MONTE VISTA ST SUITE B,Abéché,,,Chad,264-495-0560,Marketing,nfrentz80@parallels.com
TEXAS HEALTH SPRINGWOOD BEHAVIORAL HEALTH HOSPITAL,1134677552,500 E BORDER ST ,Quận Bốn,,,Vietnam,279-863-5554,Support,pfookes81@mozilla.org
BEAVER VALLEY HOSPITAL,1235682519,3706 W 9000 S ,Fershampenuaz,,457650,Russia,240-448-9388,Research and Development,tmenendez82@cyberchimps.com
SPARTANBURG MEDICAL CENTER,1588049662,PO BOX 743070 ,Xylotymbou,,,Cyprus,292-348-3654,Research and Development,ajannex83@51.la
NEWPORT NEUROHOSPITALIST MEDICAL GROUP,1134498280,PO BOX 15847 ,Ajaccio,Corse,20184 CEDEX 1,France,871-329-0580,Support,lbarthelemy84@artisteer.com
RICE COUNTY DISTRICT ONE HOSPITAL,1902988868,200 STATE AVE ,Banakaja,,,Indonesia,945-193-7859,Accounting,fantonucci85@amazon.co.jp
LAREDO REGIONAL MEDICAL CENTER,1144258179,"7917 MCPHERSON RD SUITE 205, PMB # 233",Jetis,,,Indonesia,447-637-7395,Sales,bgavrielli86@bloglovin.com
"CENTRAL CAROLINA HOSPITAL PRO FEE BILLING, LLC",1184859746,680 ANDERSEN DR FOSTER PLAZA 10,Lunenburg,Nova Scotia,M9L,Canada,929-132-9204,Training,sfendley87@devhub.com
RIVERVIEW HOSPITAL,1265422968,2749 E COVENANTER DR ,Druya,,,Belarus,194-193-1797,Product Management,ishoebridge88@jigsy.com
MANCHESTER MEMORIAL HOSPITAL,1154364016,71 HAYNES ST ,Tsubata,,929-0323,Japan,272-472-9002,Marketing,soregan89@opensource.org
ST. JOSEPH HOSPITAL CARDIOLOGY FOUNDATION,1760565824,200 HIGH SERVICE AVE MARIAN HALL,Nunguan,,9610,Philippines,951-144-5036,Engineering,bgirogetti8a@cornell.edu
CONWAY REGIONAL MEDICAL CENTER INC,1255095139,PO BOX 9662 ,Chekhov,,142308,Russia,606-397-0038,Human Resources,mfylan8b@ezinearticles.com
